customer_id,account_id,email,role,created_at
1,1,mary74@example.com,user,2025-07-09
2,1,steven70@example.org,admin,2024-05-13
3,1,katherinegreene@example.net,admin,2025-05-01
4,2,burnspaul@example.com,admin,2025-11-13
5,2,xdiaz@example.com,admin,2025-06-03
6,2,nathan48@example.net,user,2024-09-21
7,2,simonmichael@example.com,user,2025-11-19
8,3,xmcguire@example.net,admin,2025-11-03
9,3,simmonsandres@example.org,user,2025-03-13
10,3,abigailherman@example.org,admin,2025-06-29
11,3,jacksoncarly@example.net,admin,2025-10-08
12,3,michelle67@example.com,admin,2026-01-25
13,3,gbrown@example.org,user,2025-12-02
14,4,cassidy58@example.org,admin,2024-10-11
15,4,tyler62@example.org,user,2024-11-20
16,5,tonywright@example.net,admin,2025-04-03
17,5,hnielsen@example.org,user,2024-07-27
18,5,tyler86@example.com,user,2025-12-22
19,5,tbanks@example.com,user,2024-03-19
20,5,qdavis@example.net,admin,2024-09-15
21,5,oortiz@example.com,user,2025-01-01
22,5,angelica75@example.com,user,2024-11-08
23,6,angela30@example.net,admin,2025-06-25
24,6,noahmcintyre@example.org,admin,2025-06-03
25,6,lambertgina@example.net,admin,2024-04-14
26,6,bmccann@example.net,admin,2025-02-22
27,6,anthonytimothy@example.org,admin,2024-09-16
28,6,sheryl11@example.net,user,2024-10-06
29,7,gracegreen@example.com,user,2025-07-27
30,7,wendyross@example.org,user,2024-03-28
31,7,jerry77@example.net,admin,2026-02-24
32,8,cgonzalez@example.com,user,2024-11-26
33,9,michael11@example.org,admin,2025-12-08
34,9,codywalter@example.net,admin,2024-07-17
35,9,unewton@example.org,admin,2024-10-10
36,9,johnsonaustin@example.org,user,2025-01-17
37,9,kbecker@example.org,user,2024-04-29
38,9,hectornorris@example.net,user,2025-05-28
39,9,lbenson@example.org,user,2024-03-18
40,10,wjohnson@example.org,admin,2025-01-08
41,10,alison30@example.net,admin,2026-03-08
42,10,annhall@example.com,admin,2025-12-17
43,10,woodsrebecca@example.net,user,2024-10-04
44,10,martinrobert@example.org,admin,2024-11-16
45,10,stephanie85@example.net,user,2024-03-25
46,10,norrispaul@example.org,admin,2025-12-01
47,10,jennifer68@example.com,admin,2024-12-18
48,10,staffordrhonda@example.net,user,2024-10-06
49,10,jessebrooks@example.org,user,2024-08-15
50,10,thompsonpamela@example.com,user,2024-12-27
51,10,boltonsue@example.com,admin,2025-10-22
52,11,samuel69@example.net,user,2025-02-27
53,11,jjones@example.org,admin,2025-11-10
54,11,rjackson@example.org,user,2025-09-16
55,11,suzannegarcia@example.net,admin,2026-03-11
56,11,ruiznatasha@example.net,user,2025-11-02
57,11,alexa21@example.net,admin,2024-12-23
58,11,pharrison@example.com,admin,2025-10-08
59,12,matthew05@example.com,admin,2024-06-18
60,12,karen97@example.org,user,2024-07-18
61,12,lesliereese@example.com,user,2026-01-31
62,12,gregory81@example.com,user,2025-04-12
63,12,williamsdenise@example.net,user,2025-06-16
64,12,johnathan88@example.net,user,2024-08-18
65,12,emilylopez@example.com,user,2024-11-20
66,12,kevin30@example.net,admin,2024-05-13
67,12,andersonlaura@example.org,admin,2025-08-03
68,12,patrick49@example.net,admin,2026-01-03
69,13,figueroadeanna@example.net,admin,2024-12-17
70,13,jenniferbarr@example.com,user,2025-09-19
71,13,rodriguezcaroline@example.org,user,2024-11-19
72,13,casepriscilla@example.net,user,2025-09-20
73,13,grantjacqueline@example.com,user,2025-02-04
74,13,kimberly72@example.com,user,2024-12-15
75,13,arobinson@example.com,admin,2025-07-01
76,14,carrcharles@example.com,admin,2026-03-08
77,14,youngshane@example.org,user,2024-03-29
78,14,potterbrandon@example.org,user,2024-03-30
79,14,ywilson@example.org,user,2025-03-06
80,15,jamie31@example.net,admin,2024-12-31
81,15,efranklin@example.net,user,2025-09-15
82,15,robertwilson@example.net,admin,2026-02-24
83,15,joseph41@example.net,user,2024-06-11
84,15,ronald92@example.com,admin,2026-03-05
85,15,baileynicholas@example.org,admin,2024-06-08
86,15,rodriguezanna@example.com,admin,2025-06-24
87,15,hughesshawn@example.org,user,2025-02-05
88,15,mooredavid@example.org,user,2025-05-13
89,16,richard13@example.net,user,2024-12-09
90,16,kelly91@example.com,admin,2024-12-04
91,16,kjohnson@example.org,admin,2026-03-17
92,16,cchandler@example.com,user,2025-04-01
93,16,lflores@example.org,admin,2025-10-04
94,16,russonicole@example.net,user,2025-09-12
95,16,xdominguez@example.com,user,2024-12-31
96,16,andreacervantes@example.net,user,2024-04-22
97,16,usnyder@example.net,user,2025-08-13
98,16,hbailey@example.net,admin,2024-09-17
99,16,michael11@example.org,admin,2025-11-29
100,16,tammysilva@example.com,user,2026-03-09
101,17,tyler23@example.net,user,2025-10-10
102,17,reynoldswilliam@example.com,admin,2024-10-04
103,17,samanthacole@example.org,admin,2026-02-23
104,17,jaclyn81@example.com,admin,2024-11-07
105,18,johnsondavid@example.net,user,2026-01-02
106,18,brandon58@example.net,admin,2026-03-03
107,18,hannah75@example.net,admin,2025-05-31
108,19,danielbrown@example.net,admin,2025-06-28
109,19,aortiz@example.com,admin,2026-01-23
110,19,jenniferchaney@example.net,admin,2025-11-30
111,19,aguilarstephanie@example.org,user,2024-05-11
112,19,andrademichael@example.com,user,2024-08-08
113,20,hbarrett@example.org,user,2025-02-11
114,20,matthew67@example.org,admin,2025-07-12
115,20,virginia86@example.net,admin,2025-09-03
116,20,jonathan44@example.com,admin,2024-09-12
117,20,ashley39@example.com,admin,2026-03-10
118,20,rwashington@example.com,admin,2025-04-02
119,21,kwilliams@example.com,user,2025-12-13
120,21,vgilbert@example.net,admin,2024-09-24
121,22,johnpope@example.com,admin,2024-08-10
122,22,millermitchell@example.com,admin,2025-11-20
123,22,ghill@example.net,admin,2024-11-02
124,22,amycoleman@example.com,user,2025-01-13
125,22,stewartrobert@example.com,user,2024-12-04
126,22,taylorbrad@example.com,admin,2024-11-27
127,22,martinfrank@example.org,user,2026-01-07
128,22,robertraymond@example.org,admin,2024-05-12
129,23,wjones@example.net,admin,2025-01-27
130,24,millervictor@example.org,user,2025-01-26
131,24,zholt@example.org,user,2025-04-05
132,24,glee@example.org,admin,2025-11-15
133,24,ntaylor@example.net,user,2025-04-23
134,24,padillawendy@example.org,admin,2025-04-14
135,24,hphillips@example.net,user,2025-04-29
136,24,allison99@example.net,admin,2024-12-28
137,25,nelsonwendy@example.org,admin,2025-02-04
138,25,ramirezcraig@example.net,admin,2025-12-16
139,25,yjones@example.com,user,2025-08-19
140,25,terrymason@example.org,user,2024-06-30
141,25,amy58@example.com,admin,2025-01-15
142,25,jwallace@example.net,admin,2026-03-14
143,26,rachel41@example.net,user,2024-05-10
144,27,sherry72@example.com,user,2025-08-11
145,27,rodriguezsteven@example.org,admin,2024-07-27
146,27,staceyochoa@example.net,user,2025-11-04
147,28,afrederick@example.net,user,2025-09-29
148,28,thomas91@example.org,admin,2025-03-15
149,28,fmoore@example.com,user,2024-09-19
150,28,david87@example.org,admin,2025-09-16
151,28,michaelwoodard@example.net,user,2025-11-29
152,28,gallowayvictoria@example.net,user,2024-08-26
153,28,james09@example.org,user,2025-11-20
154,28,richard07@example.org,admin,2025-08-02
155,28,grimesdanielle@example.com,admin,2024-06-04
156,29,leeshawn@example.org,user,2024-03-18
157,29,elaine10@example.com,user,2025-09-17
158,29,jacobhernandez@example.net,user,2025-08-30
159,29,cameronlawrence@example.org,user,2026-03-11
160,29,andersenrachel@example.com,user,2025-09-27
161,29,ashleybell@example.net,user,2025-03-22
162,29,keithjohnson@example.org,admin,2025-07-03
163,29,qjames@example.org,admin,2025-05-20
164,29,shawnbean@example.com,admin,2025-04-05
165,30,richardsonmark@example.org,admin,2024-12-24
166,30,christina09@example.com,admin,2025-05-17
167,31,tiffany35@example.net,user,2024-12-31
168,32,banksanne@example.org,admin,2025-10-13
169,32,christinasheppard@example.com,user,2024-08-15
170,32,april37@example.org,admin,2025-06-20
171,32,david29@example.com,user,2026-02-15
172,32,hortonjohn@example.net,admin,2024-12-27
173,32,nbright@example.org,user,2026-02-01
174,32,jonescynthia@example.com,admin,2025-02-21
175,32,danielmiller@example.org,user,2024-10-30
176,32,garciabonnie@example.net,user,2025-09-05
177,33,danielle87@example.com,admin,2026-02-15
178,33,williamferguson@example.org,admin,2024-10-31
179,33,hannah97@example.com,admin,2024-08-04
180,33,isuarez@example.com,user,2025-09-27
181,33,vallen@example.com,user,2024-03-19
182,33,bruce73@example.net,user,2025-08-20
183,33,petermeyer@example.org,admin,2024-04-08
184,33,nhoward@example.net,user,2025-07-07
185,33,michellemckinney@example.net,admin,2024-10-18
186,33,nyoung@example.com,user,2026-03-10
187,33,fosterjennifer@example.org,user,2024-11-23
188,33,donna58@example.com,admin,2026-03-01
189,34,garretthogan@example.net,admin,2026-02-18
190,34,tjohnson@example.org,admin,2024-03-27
191,34,hgarcia@example.com,admin,2026-01-30
192,34,leblancgabrielle@example.org,user,2025-05-08
193,35,jenniferjones@example.com,admin,2025-01-28
194,35,joe30@example.com,user,2025-07-12
195,35,nvargas@example.net,user,2025-03-22
196,36,dana85@example.net,user,2024-05-03
197,36,amitchell@example.com,admin,2025-06-29
198,36,cwebb@example.net,user,2025-10-02
199,36,stephaniemelton@example.net,user,2025-01-30
200,36,michellemoore@example.com,user,2025-12-17
201,37,jensendavid@example.org,admin,2024-12-24
202,37,xhernandez@example.com,user,2024-10-14
203,37,barbarahernandez@example.org,user,2024-04-28
204,38,rhartman@example.net,user,2024-09-27
205,38,lucas35@example.net,admin,2025-06-20
206,38,bhudson@example.org,user,2025-11-23
207,38,karen46@example.org,admin,2025-05-20
208,39,cherylsmith@example.com,user,2025-04-12
209,39,yvincent@example.net,user,2024-10-17
210,39,cody61@example.org,user,2025-07-05
211,39,williamsallison@example.com,admin,2024-12-17
212,39,karennelson@example.com,user,2025-03-13
213,39,josephbrown@example.net,user,2024-06-21
214,39,johnsonjohn@example.net,admin,2025-10-05
215,39,lynn83@example.org,user,2025-06-25
216,39,ian25@example.net,user,2025-02-24
217,40,jason58@example.net,admin,2024-04-03
218,40,ksmith@example.com,admin,2024-05-03
219,41,garciamichelle@example.net,user,2025-04-25
220,41,simmonsronald@example.net,admin,2025-02-26
221,41,holly59@example.org,admin,2024-04-24
222,41,christine64@example.org,user,2024-12-29
223,41,alice68@example.org,admin,2025-09-19
224,41,rothjermaine@example.com,user,2025-12-05
225,41,ojimenez@example.org,admin,2025-04-22
226,41,nathanjackson@example.org,user,2024-11-25
227,42,francisco65@example.com,admin,2026-01-29
228,42,moralesbrian@example.com,admin,2025-11-04
229,43,edavidson@example.net,admin,2025-04-12
230,43,nathan71@example.com,admin,2024-10-13
231,43,vmcbride@example.com,user,2024-07-02
232,43,joshuafernandez@example.org,user,2025-10-08
233,43,zrussell@example.org,admin,2025-03-01
234,44,michelle70@example.net,admin,2025-09-06
235,44,ryan33@example.org,user,2025-10-31
236,45,victoriafranklin@example.com,user,2025-01-17
237,45,waynerussell@example.net,admin,2024-05-10
238,45,meredith54@example.net,user,2026-02-06
239,46,daltonrobertson@example.org,user,2025-02-23
240,46,stephenwoodard@example.org,user,2025-07-31
241,46,maurice34@example.net,admin,2025-09-24
242,46,lisa13@example.net,admin,2024-05-14
243,46,paulameyers@example.net,user,2025-01-29
244,46,davissteve@example.com,admin,2025-04-25
245,46,patricia36@example.org,admin,2024-08-23
246,47,vreyes@example.com,admin,2025-01-11
247,47,martinezphillip@example.com,user,2024-12-13
248,47,charles86@example.net,user,2025-12-25
249,48,vnixon@example.com,admin,2024-03-18
250,48,ule@example.com,admin,2025-12-03
251,48,bsims@example.net,user,2025-01-17
252,49,joshuacarter@example.net,user,2024-08-22
253,49,mdavis@example.com,user,2024-04-21
254,49,marquezstephanie@example.org,admin,2025-02-21
255,49,johnhogan@example.org,user,2025-09-30
256,50,iaustin@example.org,admin,2025-05-06
257,50,zfields@example.org,user,2025-09-19
258,50,kellybaird@example.org,admin,2025-07-07
259,50,evan72@example.net,admin,2024-10-16
260,50,crystal03@example.org,user,2025-11-07
261,50,smithmichele@example.com,user,2024-11-24
262,51,davidellis@example.org,admin,2025-12-10
263,51,dianaking@example.net,admin,2025-09-19
264,51,briangarner@example.net,user,2024-09-29
265,51,jimmy26@example.com,admin,2024-09-20
266,51,floresdaniel@example.org,user,2025-05-16
267,52,jamesbriggs@example.org,user,2024-12-21
268,53,howellaaron@example.net,user,2025-10-15
269,53,iberry@example.net,admin,2024-04-01
270,54,hernandezsheila@example.org,user,2025-03-24
271,54,zjames@example.org,user,2025-08-31
272,54,ian79@example.net,admin,2024-04-05
273,54,iwilliams@example.org,admin,2025-08-03
274,54,pmorgan@example.net,admin,2025-05-01
275,54,kelly51@example.com,user,2024-11-03
276,54,yjones@example.net,admin,2024-08-03
277,54,paul48@example.com,admin,2025-03-20
278,55,katelynhawkins@example.net,user,2024-07-09
279,55,melvinjones@example.com,admin,2024-05-01
280,55,thart@example.com,admin,2026-01-08
281,56,manuel05@example.org,user,2025-11-24
282,56,pmoore@example.org,user,2024-08-04
283,56,laurareed@example.org,admin,2025-07-10
284,56,khobbs@example.net,admin,2024-12-24
285,56,zwatkins@example.com,admin,2024-04-08
286,56,ajenkins@example.net,admin,2025-10-27
287,57,weaverchristopher@example.com,user,2024-10-24
288,57,carterjames@example.net,user,2025-12-27
289,57,christinasoto@example.net,admin,2024-11-18
290,57,vanessa11@example.net,admin,2025-08-26
291,58,hpearson@example.org,user,2024-11-24
292,58,willisrichard@example.com,admin,2025-03-10
293,58,ibrown@example.net,admin,2024-08-15
294,58,jonesheather@example.com,admin,2025-09-29
295,58,hubbardjonathan@example.org,user,2024-10-16
296,59,walter01@example.com,user,2024-08-11
297,59,hooperjessica@example.net,admin,2024-11-05
298,59,robinsonmichael@example.net,admin,2025-11-12
299,59,mckinneyallison@example.net,admin,2024-03-23
300,59,akane@example.com,admin,2024-09-18
301,59,sean89@example.com,admin,2025-01-25
302,59,judy67@example.net,user,2024-04-30
303,59,mcampbell@example.org,user,2025-11-01
304,59,emora@example.com,user,2025-01-18
305,59,megan54@example.net,user,2026-03-04
306,60,carlwatts@example.net,admin,2024-03-18
307,60,uphillips@example.net,admin,2026-02-06
308,60,rebeccamoore@example.com,user,2024-05-04
309,60,hillmichael@example.org,user,2024-05-08
310,60,joshua13@example.com,user,2025-02-09
311,60,davidwilson@example.net,user,2025-06-04
312,60,dyerkaren@example.com,admin,2024-03-27
313,60,eric59@example.org,user,2025-07-19
314,60,karenpratt@example.org,user,2024-12-26
315,60,joshua19@example.com,admin,2024-10-09
316,61,grayjustin@example.org,admin,2025-08-03
317,61,cameron21@example.com,user,2025-10-04
318,61,wmann@example.net,user,2024-06-25
319,62,kimberly52@example.com,admin,2025-04-30
320,62,nunezcolleen@example.com,user,2025-01-11
321,62,wheelerantonio@example.com,admin,2026-01-22
322,62,mikesteele@example.net,user,2026-02-28
323,62,jacobstewart@example.net,user,2024-06-25
324,62,robinsonphillip@example.com,admin,2025-01-20
325,62,michelle12@example.com,admin,2024-09-08
326,62,devondurham@example.net,admin,2024-06-19
327,62,smithcharlene@example.net,admin,2024-05-22
328,63,joneal@example.com,user,2025-05-23
329,63,brownsarah@example.net,user,2024-11-09
330,63,zsmith@example.net,admin,2024-06-17
331,63,jackie68@example.org,user,2024-03-17
332,63,tdavenport@example.com,admin,2025-03-10
333,63,john27@example.net,admin,2024-07-08
334,64,jacquelinelogan@example.net,user,2025-04-20
335,64,kimberlyfitzgerald@example.com,admin,2024-12-31
336,64,shannon67@example.org,admin,2024-12-23
337,64,leslie10@example.net,user,2024-12-04
338,64,sheenafoster@example.net,user,2024-03-26
339,64,janderson@example.com,admin,2025-06-16
340,65,zprice@example.net,user,2026-02-02
341,65,johnsoneric@example.net,admin,2025-02-19
342,65,nmartin@example.com,admin,2025-05-06
343,65,robert73@example.com,user,2026-02-11
344,66,kathryngibson@example.org,admin,2024-11-23
345,66,angelarobertson@example.org,admin,2024-07-11
346,66,darlenecabrera@example.com,user,2024-06-27
347,66,steven83@example.com,user,2025-12-30
348,66,dperez@example.com,user,2024-05-28
349,66,kelly68@example.com,user,2024-11-11
350,66,milesjulia@example.org,admin,2025-08-13
351,66,brandi65@example.com,user,2024-11-02
352,66,franklin00@example.com,admin,2024-05-29
353,66,melissa53@example.net,user,2025-05-30
354,66,brett20@example.net,user,2024-06-15
355,67,margaretknight@example.org,user,2025-03-08
356,67,francesbender@example.org,user,2026-02-11
357,67,dominicmyers@example.net,admin,2025-11-29
358,68,angel89@example.org,user,2024-06-29
359,69,stanleywilliams@example.net,admin,2025-08-11
360,69,marybarrera@example.org,admin,2024-08-11
361,69,khutchinson@example.org,admin,2024-10-08
362,69,john61@example.net,admin,2025-08-18
363,69,james58@example.com,admin,2026-01-12
364,69,nnorton@example.org,admin,2024-04-09
365,69,jillbrandt@example.org,admin,2025-06-05
366,69,longjoshua@example.net,admin,2025-04-07
367,69,mcampbell@example.net,user,2025-04-19
368,69,carly65@example.net,user,2025-10-11
369,69,rangeljacob@example.net,user,2024-09-11
370,70,yesenialamb@example.org,user,2025-07-31
371,70,spencer90@example.com,admin,2025-11-25
372,70,mariabrandt@example.net,admin,2024-11-20
373,70,aschmidt@example.net,user,2025-12-25
374,71,johnsonkenneth@example.net,user,2025-09-17
375,71,dustin76@example.org,user,2024-06-28
376,71,santanaclifford@example.com,user,2024-04-17
377,71,dsullivan@example.org,user,2024-12-20
378,71,meghanlong@example.net,user,2024-06-02
379,71,edwardthomas@example.com,user,2024-12-27
380,71,scott99@example.net,admin,2025-08-07
381,71,aharrell@example.com,admin,2025-03-24
382,71,umorrow@example.net,admin,2025-06-06
383,71,ubrown@example.org,user,2024-08-27
384,72,valerie36@example.org,user,2024-07-25
385,72,heatherbates@example.org,user,2026-02-26
386,72,loganandrews@example.net,user,2024-05-04
387,72,awhite@example.com,user,2024-11-07
388,72,monica05@example.org,admin,2025-02-19
389,72,marshallmichael@example.com,admin,2025-11-28
390,72,hallen@example.org,admin,2025-04-10
391,72,jbrown@example.net,user,2024-07-04
392,73,alexander73@example.org,admin,2025-03-27
393,73,clarence47@example.net,user,2024-04-17
394,73,rasmussensamantha@example.net,user,2024-09-01
395,73,forbescheryl@example.org,admin,2026-02-04
396,73,ashleyharris@example.org,admin,2024-11-09
397,73,hammondalexander@example.org,user,2026-03-09
398,73,ydillon@example.org,admin,2024-04-14
399,74,janet27@example.org,admin,2024-09-03
400,74,paulareyes@example.net,user,2024-05-28
401,74,marissa01@example.com,admin,2025-08-06
402,74,freemandaniel@example.org,user,2025-06-18
403,74,deborahwalker@example.com,user,2025-04-23
404,74,awise@example.org,user,2024-07-20
405,74,elizabethperry@example.com,user,2025-11-26
406,74,dorseycynthia@example.net,admin,2024-10-09
407,74,rossjanice@example.net,admin,2024-06-17
408,74,karenwest@example.org,user,2025-06-07
409,75,paul31@example.com,user,2024-07-06
410,75,janetshaw@example.org,user,2024-10-17
411,76,erinhopkins@example.com,admin,2024-04-20
412,76,pthompson@example.net,user,2024-08-31
413,76,moniqueroberts@example.net,user,2024-11-12
414,76,christopher40@example.org,user,2025-11-26
415,76,qanderson@example.net,user,2024-10-20
416,76,morrisdylan@example.org,admin,2025-10-28
417,76,zhoffman@example.net,user,2025-08-22
418,77,robert29@example.com,user,2025-12-27
419,77,mcampbell@example.org,user,2024-07-29
420,78,lindsey18@example.com,user,2024-08-08
421,78,brian17@example.com,user,2024-05-21
422,78,davisdan@example.com,admin,2024-11-24
423,78,zsaunders@example.net,user,2025-05-03
424,78,gking@example.com,user,2024-07-26
425,78,lhudson@example.org,user,2025-04-26
426,79,uvargas@example.net,admin,2025-10-03
427,79,cobbcraig@example.net,admin,2025-03-03
428,79,hardindaniel@example.com,admin,2025-03-29
429,79,katherinecraig@example.org,user,2024-06-08
430,79,michaelharris@example.net,user,2024-12-07
431,79,amber50@example.org,user,2024-12-17
432,79,christinewebb@example.net,user,2025-12-30
433,79,karen41@example.net,admin,2026-02-18
434,79,umatthews@example.org,user,2026-03-05
435,80,bautistajose@example.com,admin,2024-12-28
436,80,mccannmisty@example.net,user,2024-07-26
437,80,reesemichael@example.org,admin,2025-10-03
438,80,ucole@example.com,user,2024-06-01
439,81,robertspatrick@example.net,user,2025-04-23
440,81,danielgreene@example.com,user,2025-10-29
441,81,mcdanielshane@example.net,admin,2025-06-03
442,81,shughes@example.net,user,2024-08-13
443,81,victoria14@example.org,user,2025-03-18
444,81,iwhite@example.com,admin,2025-09-24
445,81,petersonderek@example.org,user,2024-07-13
446,82,sarabailey@example.org,user,2025-04-10
447,82,michelealvarez@example.org,admin,2024-06-07
448,82,tiffanybell@example.org,admin,2025-11-04
449,83,stacy17@example.com,user,2024-09-30
450,83,justin16@example.net,admin,2025-09-22
451,83,reedmary@example.com,user,2025-06-18
452,83,uwilliams@example.com,admin,2025-01-20
453,83,fbennett@example.com,admin,2024-06-03
454,83,rbrown@example.org,user,2025-11-10
455,83,ggray@example.com,admin,2025-09-17
456,84,juan73@example.com,admin,2025-10-07
457,84,esingleton@example.net,admin,2025-07-11
458,84,michael61@example.org,admin,2025-03-13
459,85,davisrichard@example.com,admin,2024-10-20
460,85,sarah94@example.net,admin,2024-12-13
461,86,michaelpowell@example.net,admin,2025-10-28
462,86,sharirichards@example.net,admin,2024-08-17
463,87,danielle58@example.net,admin,2026-03-10
464,87,john87@example.com,user,2025-09-19
465,87,walkerwilliam@example.org,admin,2025-01-10
466,87,xrobinson@example.org,admin,2024-04-29
467,87,daniel80@example.org,admin,2024-05-27
468,87,igill@example.org,user,2026-03-08
469,88,gmack@example.net,admin,2025-11-05
470,88,rlucas@example.org,admin,2026-01-31
471,88,marcus98@example.org,user,2024-10-16
472,88,harold16@example.org,admin,2024-03-20
473,88,dannymartinez@example.com,admin,2025-09-03
474,89,tbrown@example.net,admin,2024-09-27
475,89,olsonangela@example.net,user,2026-02-25
476,89,james97@example.net,user,2024-10-13
477,89,paul36@example.net,admin,2024-11-04
478,89,hugheskyle@example.com,admin,2025-06-10
479,89,pachecogary@example.com,user,2025-05-23
480,90,sbenjamin@example.net,user,2025-09-12
481,90,brittanywalker@example.net,user,2025-05-12
482,90,johnsonkristina@example.com,admin,2025-09-23
483,90,melissadavis@example.net,user,2024-09-13
484,91,powelljoseph@example.org,user,2024-07-08
485,91,ephillips@example.com,user,2025-05-31
486,91,vmurphy@example.net,user,2025-10-24
487,91,josephholmes@example.com,admin,2025-01-24
488,91,marcus79@example.com,admin,2024-03-28
489,91,aaronsmith@example.org,user,2025-01-23
490,91,porterjohn@example.org,user,2026-01-12
491,91,nelsonmichael@example.com,admin,2026-01-23
492,91,ihopkins@example.com,admin,2025-07-18
493,91,danielnguyen@example.com,admin,2024-03-29
494,91,maria50@example.org,user,2025-02-17
495,92,zwilliams@example.org,user,2025-07-11
496,92,curtisward@example.com,admin,2024-12-06
497,92,owalker@example.org,admin,2025-01-06
498,93,xkrause@example.org,user,2024-12-16
499,93,richardmoreno@example.com,admin,2024-04-22
500,93,bsnyder@example.com,admin,2025-04-10
501,93,petersonjared@example.com,admin,2025-03-03
502,94,spena@example.org,user,2024-03-19
503,94,millerbonnie@example.net,user,2026-03-12
504,94,kingcharles@example.com,admin,2026-03-12
505,95,lauren54@example.com,user,2025-12-19
506,95,jeremyguzman@example.net,admin,2025-04-22
507,95,rodriguezbrian@example.org,user,2026-01-08
508,96,whitesamuel@example.com,user,2026-03-05
509,96,kirkheather@example.org,user,2025-04-11
510,96,bakerwilliam@example.com,admin,2026-01-23
511,97,sullivananthony@example.org,user,2025-05-16
512,97,wolfekaren@example.org,user,2024-09-23
513,97,cherylcross@example.com,admin,2025-08-13
514,97,stanleyshawn@example.org,admin,2024-11-26
515,97,thomasamy@example.net,user,2026-01-30
516,97,kaitlinevans@example.net,admin,2024-04-29
517,98,james95@example.org,user,2025-06-25
518,98,jonesvalerie@example.net,user,2025-06-13
519,98,harold84@example.org,user,2025-10-08
520,98,richardbowers@example.com,admin,2024-11-27
521,98,emily83@example.com,admin,2025-12-10
522,99,karenreed@example.com,admin,2024-05-27
523,99,vincent43@example.org,admin,2025-09-07
524,99,zhanson@example.net,user,2025-10-27
525,99,drew50@example.net,user,2025-10-02
526,99,bernardsilva@example.net,admin,2025-07-29
527,99,alisonbell@example.net,admin,2024-07-22
528,99,ysosa@example.org,user,2024-12-21
529,99,huntnatalie@example.com,user,2026-03-04
530,99,calebrodriguez@example.net,admin,2024-10-17
531,99,dianemorrison@example.org,admin,2025-02-09
532,100,scottpalmer@example.net,user,2025-02-07
533,100,tonypineda@example.org,admin,2025-10-04
534,100,bschwartz@example.com,admin,2024-12-09
535,101,jacksondavid@example.org,admin,2025-03-01
536,101,april89@example.net,admin,2025-08-07
537,101,tyler58@example.com,user,2024-12-29
538,101,hernandezandrew@example.net,user,2024-12-19
539,101,charles24@example.net,user,2025-11-24
540,102,paul67@example.net,admin,2025-03-09
541,102,brian96@example.net,user,2024-10-23
542,102,deboraherickson@example.org,user,2025-10-05
543,102,kristinaray@example.org,admin,2024-06-02
544,102,lharris@example.org,user,2024-06-26
545,102,jamespineda@example.com,admin,2025-07-11
546,102,nmiranda@example.net,user,2025-06-20
547,102,monique87@example.net,admin,2025-02-22
548,102,amiles@example.org,user,2024-08-19
549,103,willie49@example.org,user,2025-06-18
550,103,walter74@example.net,user,2025-06-17
551,103,cesarmack@example.com,admin,2024-05-06
552,103,hweber@example.com,admin,2025-12-16
553,104,jameswilson@example.net,user,2025-06-25
554,104,lewisshannon@example.org,admin,2025-11-13
555,104,michael50@example.net,admin,2024-11-08
556,105,rogermartinez@example.org,admin,2024-09-04
557,105,kellybell@example.org,admin,2024-10-06
558,105,itaylor@example.com,user,2025-07-12
559,105,jonesjames@example.net,user,2024-07-25
560,105,yjones@example.com,admin,2024-11-21
561,106,clawson@example.net,admin,2026-01-11
562,106,jasonperry@example.net,admin,2026-01-31
563,106,gguzman@example.net,admin,2025-11-24
564,106,thompsonisabel@example.org,admin,2025-12-06
565,106,suttonteresa@example.com,admin,2026-02-18
566,106,zgalloway@example.org,admin,2025-08-16
567,106,kimberly13@example.org,admin,2024-06-04
568,107,martha18@example.net,admin,2025-03-13
569,107,jennifercollins@example.org,user,2024-03-27
570,108,robert46@example.com,admin,2025-08-02
571,108,padillacourtney@example.net,admin,2025-04-11
572,108,smithryan@example.com,user,2025-12-11
573,108,gmarshall@example.net,user,2025-02-17
574,108,tiffanyjohnson@example.com,user,2025-10-06
575,108,churchrebecca@example.com,user,2025-08-14
576,109,kingkatelyn@example.com,user,2025-02-17
577,109,ramosjacqueline@example.net,user,2024-07-01
578,109,brownlynn@example.net,admin,2025-05-06
579,109,underwoodlindsey@example.org,admin,2024-08-02
580,110,eric70@example.org,user,2024-11-12
581,110,matthewcook@example.com,user,2024-12-10
582,110,zboyd@example.org,user,2025-03-11
583,110,carllewis@example.org,user,2024-08-23
584,110,patricia35@example.org,user,2024-04-12
585,111,kenneth16@example.org,admin,2025-07-13
586,111,brownalison@example.net,admin,2025-02-25
587,111,schambers@example.org,user,2025-11-07
588,111,tammy02@example.org,admin,2025-02-20
589,111,daniel10@example.org,user,2024-08-04
590,111,hholmes@example.net,admin,2024-06-22
591,111,amy55@example.net,admin,2025-12-01
592,112,michellegomez@example.net,admin,2026-02-05
593,112,jewing@example.net,admin,2026-01-14
594,113,ucannon@example.org,admin,2025-01-13
595,113,amanda79@example.com,admin,2025-01-20
596,113,rachel49@example.org,admin,2025-03-06
597,113,monicawatson@example.net,user,2024-09-29
598,113,pamela87@example.com,admin,2024-09-05
599,113,nrodgers@example.org,user,2024-07-25
600,113,jack86@example.net,user,2025-09-26
601,113,karenjenkins@example.org,user,2024-04-27
602,114,smithrobert@example.com,admin,2024-09-12
603,114,sylvia55@example.org,admin,2024-09-28
604,114,javila@example.com,admin,2024-05-29
605,114,chambersmelanie@example.com,admin,2024-08-18
606,114,kyle92@example.com,user,2024-12-19
607,114,destiny21@example.org,admin,2025-08-28
608,114,tbrown@example.net,user,2024-09-27
609,114,heidi24@example.net,admin,2025-06-06
610,114,pbailey@example.com,admin,2025-05-12
611,114,tmartin@example.org,user,2025-02-02
612,115,martin07@example.com,admin,2025-03-02
613,115,rachel04@example.net,user,2024-08-25
614,115,megan38@example.net,admin,2025-02-14
615,115,william59@example.com,user,2025-04-11
616,115,zlambert@example.net,admin,2026-01-13
617,115,lauren01@example.net,admin,2025-07-26
618,116,john92@example.org,admin,2025-03-30
619,116,tanyabowman@example.org,user,2025-07-25
620,116,sandra22@example.net,user,2024-10-12
621,116,benjamin69@example.net,user,2025-06-13
622,116,kevin60@example.net,user,2024-06-30
623,116,christian32@example.org,admin,2024-12-16
624,116,james39@example.net,user,2024-04-05
625,116,patrickclark@example.org,user,2025-07-19
626,116,franksmith@example.net,user,2026-03-15
627,117,williamlucero@example.net,user,2025-09-07
628,117,wendy64@example.com,user,2024-06-21
629,117,gravesrebecca@example.net,admin,2024-05-21
630,117,alex23@example.net,user,2025-06-24
631,117,jimenezkaren@example.com,admin,2024-12-04
632,117,heather88@example.org,admin,2024-06-10
633,118,moralessarah@example.org,user,2025-08-02
634,118,marcusrose@example.com,user,2025-10-16
635,118,mary56@example.org,user,2025-04-07
636,118,blake75@example.com,user,2025-03-30
637,118,laurensteele@example.com,admin,2025-11-06
638,118,jose02@example.net,user,2026-01-05
639,118,reedgina@example.com,admin,2024-08-26
640,119,schneiderdeborah@example.com,admin,2024-05-11
641,119,andrewle@example.org,user,2024-03-27
642,119,cvillegas@example.org,admin,2024-07-17
643,119,smithemily@example.org,admin,2024-03-21
644,119,sean91@example.net,admin,2024-05-19
645,119,steven66@example.org,admin,2024-05-06
646,120,alec37@example.net,user,2026-02-16
